c2,xcoord,ycoord,CVEGEO
top10,-89.05,19.94,31098
top10,-97.70,20.21,30067
top10,-92.27,17.30,7100
top10,-92.04,17.11,7031
top10,-92.49,17.38,7096
top10,-90.23,19.97,4008
top10,-89.61,19.47,4006
top10,-92.61,17.32,7076
top10,-90.27,19.62,4002
top10,-86.94,21.08,23005
top10,-97.71,20.27,30037
top10,-88.53,18.98,23010
top10,-92.19,17.44,7077
top10,-90.72,18.10,4011
top10,-88.18,20.44,31021
top10,-96.05,17.49,20212
top10,-96.59,17.87,20182
top10,-89.44,20.40,31025
top10,-92.33,17.19,7109
top10,-89.02,20.19,31016
top10,-90.49,19.11,4004
top10,-98.02,21.24,30078
top10,-92.35,17.04,7082
top10,-97.65,20.21,30103
top10,-95.69,16.94,20231
top10,-91.86,16.66,7004
top10,-97.78,20.21,21089
top10,-96.75,17.91,20139
top10,-88.82,19.64,23006
top10,-87.38,21.06,23007
top10,-97.97,16.52,20302
top10,-96.64,17.82,20326
top10,-98.18,20.82,30027
top10,-92.61,17.02,7022
top10,-96.80,17.92,20276
top10,-90.14,20.12,4005
top10,-95.85,17.08,20394
top10,-92.69,17.24,7039
top10,-89.09,20.25,31094
top10,-99.11,21.72,24003
top10,-98.49,21.00,13026
top10,-97.88,20.46,21086
top10,-95.96,17.33,20189
top10,-98.53,21.15,13032
top10,-98.98,21.53,24018
top10,-98.30,20.73,30202
top10,-98.25,21.04,13025
top10,-95.88,17.19,20502
top10,-92.22,16.61,7024
top10,-96.74,17.92,20438
top10,-87.40,20.58,23008
top10,-88.83,20.08,31058
top10,-92.80,17.15,7118
top10,-90.47,18.55,4009
top10,-98.84,21.33,24057
top10,-97.79,20.11,21123
top10,-97.78,21.26,30153
top10,-92.86,17.39,7005
top10,-89.35,20.26,31003
top10,-98.29,20.86,13078
top10,-95.92,17.38,20460
top10,-92.27,16.78,7064
top10,-98.65,21.03,13073
top10,-96.60,17.94,20098
top10,-93.17,17.22,7060
top10,-98.45,21.13,13028
top10,-88.36,21.02,31032
top10,-99.03,21.39,24054
top10,-95.58,16.93,20465
top10,-91.34,16.70,7059
top10,-92.46,17.06,7066
top10,-98.58,21.26,13046
top10,-96.93,18.51,21061
top10,-96.83,18.38,21145
top10,-88.12,21.01,31008
top10,-97.67,21.38,30060
top10,-98.78,21.24,24037
top10,-97.80,20.30,21213
top10,-98.43,20.78,30076
top10,-96.02,17.25,20554
top10,-92.86,17.22,7072
top10,-97.88,20.55,21111
top10,-95.98,17.66,20468
top10,-89.28,20.47,31024
top10,-89.49,20.50,31018
top10,-91.81,17.44,7065
top10,-98.01,20.72,30083
top10,-98.05,16.54,20111
top10,-92.63,17.14,7081
top10,-96.68,18.05,20116
top10,-97.73,20.12,21068
top10,-98.87,21.43,24053
top10,-95.79,17.49,20205
top10,-97.31,20.03,21076
top10,-92.98,17.47,7045
top10,-97.69,21.31,30013
top10,-98.31,20.62,30170
top10,-96.33,17.80,20559
top10,-97.88,16.41,20225
top10,-97.56,20.13,30203
top10,-96.07,17.33,20514
top10,-97.76,21.43,30154
top10,-96.75,17.99,20027
top10,-96.54,18.07,20134
top10,-88.32,20.39,31092
top10,-98.83,21.06,13062
top10,-88.47,18.51,23004
top10,-90.74,16.25,7116
top10,-96.17,17.71,20009
top10,-98.36,21.03,13011
top10,-98.84,21.63,24026
top10,-98.38,20.92,13080
top10,-88.53,20.27,31022
top10,-89.37,20.38,31047
top10,-96.51,17.82,20136
top10,-96.78,17.81,20425
top10,-96.38,17.42,20335
top10,-98.06,20.51,13027
top10,-88.99,20.61,31069
top10,-91.74,16.39,7052
top10,-88.77,20.48,31104
top10,-90.56,16.28,7114
top10,-97.90,20.33,21197
top10,-97.81,20.71,21064
top10,-93.10,17.42,7043
top10,-92.95,17.62,27016
top10,-97.80,20.06,21014
top10,-97.84,20.13,21184
top10,-95.78,16.98,20275
top10,-97.18,16.16,20433
top10,-97.73,20.06,21030
top10,-98.47,21.25,30056
top10,-96.54,17.36,20419
top10,-88.90,20.25,31073
top10,-98.00,16.61,20415
top10,-96.17,17.53,20457
top10,-97.55,20.21,30050
top10,-87.13,20.94,23011
top10,-96.90,19.23,30188
top10,-87.82,20.76,31019
top10,-97.80,16.45,20082
top10,-92.98,17.30,7042
top10,-96.34,17.49,20042
top10,-96.25,19.00,30090
top10,-97.23,20.11,21002
top10,-97.89,21.34,30035
top10,-97.67,20.11,21107
top10,-98.04,21.00,30058
top10,-96.76,17.74,20220
top10,-97.67,20.34,30051
top10,-98.99,21.23,13049
top10,-87.67,20.30,23009
top10,-98.91,21.51,24014
top10,-98.62,21.40,24029
top10,-92.73,17.53,27015
top10,-98.19,20.61,30180
top10,-97.98,21.39,30063
top10,-97.91,16.50,20188
top10,-96.80,17.99,20355
top10,-98.77,21.55,24039
top10,-97.12,19.91,30023
top10,-91.48,18.52,4003
top10,-87.85,21.26,31096
top10,-96.73,18.06,20187
top10,-98.04,16.47,20312
top10,-98.34,21.20,30055
top10,-89.73,20.27,31066
top10,-101.83,19.82,16107
top10,-98.00,20.38,21178
top10,-95.49,17.50,20498
top10,-89.30,19.93,31079
top10,-93.19,17.70,7048
top10,-88.98,20.76,31042
top10,-91.68,17.70,27007
top10,-96.05,17.11,20437
top10,-89.38,20.50,31046
top10,-95.50,17.32,20190
top10,-98.19,20.47,13053
top10,-89.19,20.49,31049
top10,-95.42,17.13,20207
top10,-98.38,21.57,30161
top10,-98.08,16.68,20300
top10,-86.99,21.37,23003
top10,-98.17,21.39,30155
top10,-97.62,20.10,21072
top10,-97.75,20.03,21028
top10,-97.91,20.17,21183
top10,-89.76,20.85,31101
top10,-97.68,19.71,21212
top10,-98.78,20.86,13042
top10,-91.25,16.20,7115
top10,-88.53,20.84,31030
top10,-96.87,16.09,20344
top10,-89.52,20.15,31056
top10,-97.64,21.52,30150
top10,-96.58,16.24,20533
top10,-96.92,19.17,30146
top10,-98.05,20.40,21187
top10,-92.47,16.83,7093
top10,-93.28,17.29,7033
top10,-96.10,17.17,20060
top10,-93.11,17.22,7090
top10,-98.54,20.78,13068
top10,-96.98,18.38,21217
top10,-96.88,17.79,20527
top10,-88.57,20.50,31017
top10,-92.74,17.03,7014
top10,-98.83,21.72,24041
top10,-96.63,17.99,20330
top10,-93.96,17.54,30061
top10,-97.53,20.10,21192
top10,-91.80,16.20,7041
top10,-97.41,20.08,21025
top10,-91.31,17.80,27001
top10,-93.63,17.21,7124
top10,-92.57,16.95,7026
top10,-98.72,20.96,13034
top10,-96.13,17.85,20417
top10,-95.84,16.97,20323
top10,-88.87,21.17,31084
top10,-92.39,16.93,7112
top10,-95.92,17.10,20454
top10,-97.40,19.92,21075
top10,-88.35,20.62,31014
top10,-98.84,20.83,13033
top10,-93.25,17.49,7088
top10,-89.22,20.38,31075
top10,-98.75,21.42,24038
top10,-97.35,19.13,21179
top10,-98.16,16.64,20185
top10,-98.34,20.50,30198
top10,-88.06,20.90,31085
top10,-88.06,19.67,23002
top10,-88.58,21.03,31012
top10,-93.20,17.53,7068
top10,-96.80,18.93,30021
top10,-97.40,20.19,21158
top10,-92.93,17.22,7121
top10,-97.59,20.22,30064
top10,-88.40,20.49,31081
top10,-91.29,17.43,27017
top10,-96.12,17.91,20166
top10,-89.07,21.07,31088
top10,-95.93,17.03,20003
top10,-98.96,21.63,24012
top10,-97.84,16.34,20367
top10,-88.51,20.73,31091
top10,-92.10,15.06,7105
top10,-93.00,17.39,7084
top10,-89.00,21.07,31086
menos10,-98.55,20.91,13014
menos10,-89.27,20.57,31080
menos10,-94.70,18.06,30059
menos10,-89.78,21.06,31100
menos10,-93.40,17.17,7092
menos10,-96.67,17.33,20544
menos10,-97.16,18.63,30195
menos10,-88.11,20.64,31102
menos10,-97.64,20.04,21084
menos10,-93.20,18.38,27014
menos10,-89.62,20.53,31062
menos10,-97.69,20.51,21194
menos10,-97.77,21.19,30034
menos10,-97.17,20.02,30183
menos10,-89.12,20.81,31103
menos10,-97.09,18.77,30140
menos10,-95.11,17.05,20198
menos10,-98.59,20.65,13081
menos10,-96.78,18.58,30173
menos10,-88.44,20.60,31043
menos10,-98.38,21.29,30129
menos10,-97.19,18.71,30147
menos10,-94.36,17.28,30210
menos10,-95.89,16.87,20200
menos10,-96.80,16.04,20113
menos10,-89.16,20.88,31035
menos10,-98.49,16.80,12036
menos10,-98.95,21.13,13018
menos10,-93.70,17.83,27008
menos10,-97.71,20.97,30160
menos10,-89.56,20.36,31089
menos10,-96.94,19.81,30163
menos10,-97.54,20.43,30040
menos10,-93.13,17.33,7025
menos10,-97.86,21.15,30167
menos10,-101.85,19.51,16090
menos10,-93.32,16.87,7012
menos10,-89.05,20.43,31010
menos10,-100.03,25.30,19004
menos10,-88.37,21.21,31070
menos10,-93.34,18.29,27005
menos10,-96.66,19.82,30095
menos10,-95.39,16.84,20036
menos10,-98.75,16.64,12077
menos10,-97.97,16.40,20070
menos10,-96.75,18.29,20406
menos10,-96.85,19.04,30165
menos10,-96.39,17.27,20496
menos10,-96.91,18.18,20322
menos10,-97.05,18.77,30098
menos10,-97.53,20.08,21088
menos10,-90.64,19.60,4012
menos10,-94.64,17.95,30199
menos10,-97.50,21.32,30151
menos10,-97.61,20.07,21029
menos10,-93.25,17.09,7021
menos10,-92.79,17.76,27009
menos10,-97.07,15.95,20318
menos10,-92.87,17.09,7047
menos10,-96.67,18.16,20171
menos10,-93.40,17.43,7062
menos10,-92.16,15.49,7010
menos10,-95.03,18.04,30003
menos10,-97.68,20.04,21077
menos10,-103.42,19.86,14079
menos10,-93.22,18.08,27006
menos10,-97.71,19.94,21078
menos10,-98.47,20.52,30072
menos10,-88.99,20.92,31040
menos10,-96.44,18.25,20278
menos10,-94.68,18.20,30122
menos10,-99.18,20.79,13043
menos10,-92.51,16.56,7094
menos10,-100.18,19.32,15032
menos10,-97.32,18.79,30018
menos10,-97.70,16.54,20466
menos10,-96.64,18.26,20169
menos10,-95.99,16.95,20435
menos10,-98.64,20.79,13079
menos10,-97.69,20.00,21210
menos10,-99.20,22.51,28028
menos10,-92.78,16.92,7049
menos10,-93.00,17.19,7073
menos10,-97.85,19.95,21167
menos10,-94.90,18.24,30149
menos10,-96.93,19.04,30080
menos10,-97.04,18.67,30137
menos10,-97.78,20.01,21162
menos10,-97.87,20.03,21006
menos10,-96.84,19.26,30162
menos10,-96.82,19.29,30024
menos10,-88.89,20.80,31071
menos10,-100.34,17.33,12011
menos10,-97.29,20.41,30124
menos10,-97.20,18.83,30115
menos10,-96.89,19.96,30109
menos10,-98.96,16.72,12025
menos10,-101.45,19.25,16082
menos10,-98.28,16.94,12062
menos10,-97.30,16.18,20364
menos10,-94.16,18.08,30204
menos10,-104.95,21.39,18008
menos10,-96.75,15.94,20117
menos10,-93.06,17.19,7067
menos10,-96.76,19.34,30088
menos10,-96.02,17.04,20031
menos10,-97.08,18.79,30185
menos10,-92.59,16.68,7078
menos10,-95.53,16.77,20470
menos10,-97.79,16.20,20467
menos10,-98.11,16.44,20285
menos10,-98.24,16.54,20056
menos10,-97.85,21.72,30121
menos10,-97.35,16.34,20213
menos10,-96.98,18.59,30110
menos10,-97.40,16.24,20272
menos10,-97.05,20.13,30102
menos10,-98.21,20.34,13060
menos10,-89.25,20.68,31036
menos10,-97.67,20.73,30157
menos10,-93.00,17.25,7091
menos10,-94.89,17.90,30116
menos10,-96.35,16.10,20424
menos10,-97.13,19.78,30010
menos10,-103.24,18.37,16008
menos10,-100.06,17.14,12021
menos10,-95.16,17.77,30142
menos10,-97.04,18.74,30168
menos10,-92.23,14.64,7087
menos10,-99.36,21.93,24036
menos10,-94.29,17.98,30111
menos10,-98.97,20.87,13071
menos10,-97.29,19.28,21093
menos10,-92.40,16.69,7038
menos10,-97.68,16.34,20489
menos10,-105.49,21.57,18012
menos10,-89.07,21.17,31009
menos10,-97.54,16.08,20334
menos10,-104.51,20.19,14028
menos10,-98.20,20.16,13002
menos10,-100.74,17.41,12057
menos10,-96.14,17.37,20156
menos10,-98.68,16.59,12080
menos10,-88.75,20.89,31097
menos10,-89.92,20.84,31063
menos10,-96.37,18.86,30049
menos10,-96.93,19.45,30038
menos10,-89.98,21.07,31038
menos10,-104.55,20.34,14012
menos10,-97.09,19.37,30079
menos10,-93.49,16.83,7061
menos10,-92.56,16.87,7056
menos10,-94.99,17.16,20057
menos10,-88.64,20.84,31060
menos10,-97.78,21.94,30152
menos10,-103.24,19.98,14026
menos10,-98.37,20.36,13004
menos10,-98.93,16.61,12018
menos10,-89.25,20.98,31007
menos10,-98.00,19.96,21208
menos10,-97.19,16.08,20526
menos10,-96.71,19.93,30042
menos10,-97.11,20.45,30069
menos10,-92.42,15.01,7037
menos10,-97.93,16.21,20414
menos10,-96.53,16.12,20254
menos10,-93.13,17.12,7018
menos10,-96.77,19.85,30197
menos10,-97.50,20.03,21043
menos10,-89.15,21.10,31072
menos10,-99.37,22.49,24058
menos10,-93.87,16.71,7017
menos10,-98.47,16.33,20485
menos10,-98.13,19.82,21053
menos10,-94.39,16.95,20407
menos10,-95.65,17.77,30130
menos10,-97.41,20.93,30189
menos10,-92.00,17.78,7016
menos10,-97.53,20.66,30175
menos10,-105.41,20.34,14020
menos10,-96.97,16.20,20159
menos10,-88.31,21.35,31057
menos10,-101.99,19.91,16070
menos10,-97.92,16.34,20090
menos10,-96.16,18.99,30105
menos10,-96.92,15.86,20401
menos10,-97.27,18.84,30099
menos10,-96.28,17.44,20222
menos10,-88.36,20.78,31099
menos10,-92.50,14.88,7054
menos10,-96.36,18.03,20232
menos10,-89.85,20.73,31023
menos10,-98.12,16.29,20482
menos10,-89.66,18.40,4010
menos10,-90.22,20.57,31033
menos10,-96.48,17.63,20336
menos10,-92.18,16.30,7019
menos10,-97.53,16.31,20543
menos10,-94.40,17.99,30082
menos10,-88.85,21.02,31077
menos10,-102.38,18.09,16052
menos10,-96.97,18.28,21036
menos10,-95.03,18.43,30032
menos10,-97.11,18.68,30020
menos10,-96.89,18.22,20354
menos10,-100.43,17.10,12014
menos10,-96.62,15.98,20085
menos10,-97.05,16.83,20104
menos10,-104.95,20.30,14084
menos10,-95.56,18.08,30077
menos10,-92.30,14.93,7089
menos10,-97.03,16.78,20570
menos10,-88.65,21.22,31006
menos10,-98.51,16.47,12023
menos10,-97.95,17.42,20528
menos10,-96.39,17.62,20458
menos10,-96.94,19.37,30164
menos10,-94.82,18.29,30104
menos10,-97.05,16.05,20153
menos10,-96.79,16.17,20291
menos10,-97.97,16.78,20447
menos10,-95.15,18.20,30073
menos10,-98.15,16.53,20345
menos10,-89.85,20.55,31055
menos10,-96.31,16.18,20512
menos10,-93.65,18.17,27002
menos10,-94.62,17.56,30070
menos10,-96.63,17.66,20214
menos10,-97.08,19.71,30156
menos10,-96.93,18.65,30201
menos10,-95.79,16.67,20064
menos10,-98.04,23.00,28002
menos10,-91.97,18.27,4007
menos10,-96.87,18.19,20029
menos10,-101.16,17.62,12048
menos10,-96.35,17.35,20288
menos10,-103.51,19.71,14023
menos10,-89.18,21.00,31005
menos10,-97.03,20.39,30158
menos10,-98.57,16.68,12013
menos10,-97.97,20.09,21049
menos10,-96.55,18.16,20309
menos10,-89.74,20.45,31053
menos10,-92.40,16.52,7007
menos10,-102.20,19.41,16058
menos10,-97.57,19.60,21044
menos10,-97.09,19.62,30132
menos10,-96.46,16.08,20279
menos10,-99.07,21.07,13040
menos10,-96.17,17.35,20128
menos10,-89.45,20.82,31002
menos10,-89.64,20.98,31050
menos10,-96.42,16.21,20347
menos10,-100.28,19.26,15041
menos10,-98.13,19.29,29010
menos10,-98.18,19.62,29034
menos10,-97.65,19.85,21200
menos10,-97.93,19.77,21016
menos10,-96.63,17.49,20001
menos10,-98.35,16.66,12046
menos10,-92.41,15.14,7103
menos10,-96.54,18.45,20002
menos10,-94.72,17.87,30089
menos10,-97.29,19.76,30086
menos10,-96.94,19.14,30071
menos10,-98.42,21.75,30205
menos10,-94.39,17.71,30108
menos10,-97.68,16.73,20377
menos10,-95.52,18.56,30139
menos10,-96.73,19.07,30200
menos10,-99.13,16.69,12030
menos10,-98.01,16.92,20037
menos10,-98.75,16.88,12052
menos10,-97.31,16.72,20491
menos10,-104.96,21.99,18011
menos10,-103.41,18.76,16026
menos10,-91.75,17.61,7050
menos10,-90.30,20.89,31011
menos10,-98.50,19.99,13057
menos10,-93.23,17.86,7074
menos10,-98.00,20.22,21091
menos10,-92.68,16.82,7023
menos10,-97.29,20.71,30033
menos10,-96.42,17.32,20247
menos10,-92.68,15.41,7001
menos10,-92.46,17.84,27012
menos10,-97.67,19.02,21065
menos10,-96.10,15.95,20266
menos10,-95.40,18.40,30143
menos10,-104.45,20.51,14062
menos10,-98.36,16.33,20507
menos10,-92.16,15.09,7015
menos10,-102.06,20.01,16094
menos10,-99.34,22.83,28029
menos10,-97.76,19.98,21215
menos10,-98.16,16.87,12071
menos10,-96.66,18.78,30053
menos10,-99.06,22.11,24013
menos10,-92.22,15.51,7036
menos10,-92.66,15.67,7117
menos10,-89.13,20.70,31037
menos10,-92.14,18.08,27011
menos10,-97.68,19.47,21094
menos10,-104.62,19.28,14022
menos10,-104.81,20.58,14058
menos10,-92.20,14.89,7102
menos10,-98.16,19.19,29017
menos10,-103.09,18.68,16015
menos10,-105.16,19.98,14100
menos10,-101.73,19.62,16032
menos10,-96.82,18.10,20396
menos10,-102.23,19.69,16021
menos10,-97.50,20.28,30066
menos10,-94.79,18.37,30209
menos10,-97.86,16.65,20076
menos10,-102.08,20.13,16028
menos10,-92.99,16.93,7085
menos10,-96.84,19.63,30112
menos10,-96.38,16.31,20126
menos10,-98.05,20.17,21071
menos10,-92.96,17.01,7013
menos10,-95.22,16.85,20513
menos10,-97.57,20.03,21216
menos10,-90.07,20.62,31048
menos10,-89.28,21.14,31052
menos10,-101.85,18.02,12068
menos10,-94.83,18.00,30145
menos10,-96.52,16.21,20095
menos10,-98.28,19.98,13016
menos10,-95.22,18.47,30141
menos10,-100.12,25.61,19031
menos10,-97.00,19.02,30186
menos10,-97.04,19.56,30001
menos10,-99.43,16.82,12053
menos10,-89.44,21.06,31105
menos10,-88.84,21.08,31031
menos10,-96.73,19.44,30065
menos10,-97.12,16.21,20202
menos10,-95.37,17.98,30094
menos10,-100.68,19.61,16034
menos10,-94.45,16.39,20075
menos10,-98.79,17.23,12063
menos10,-96.92,20.22,30211
menos10,-90.27,20.41,4001
menos10,-97.28,16.58,20516
menos10,-96.17,18.30,30207
menos10,-95.62,18.53,30178
menos10,-99.12,16.98,12012
menos10,-97.79,16.85,20088
menos10,-92.77,15.23,7003
menos10,-96.09,18.03,20184
menos10,-96.53,15.90,20012
menos10,-97.16,18.79,30030
menos10,-89.37,20.84,31067
menos10,-97.67,19.34,29007
menos10,-96.63,19.98,30192
menos10,-92.61,15.55,7120
menos10,-95.39,18.60,30015
menos10,-93.21,16.91,7079
menos10,-104.30,19.15,6007
menos10,-97.40,18.64,21046
menos10,-96.97,19.33,30046
menos10,-95.69,18.43,30012
menos10,-98.04,23.78,28037
menos10,-89.12,21.29,31106
menos10,-96.24,16.33,20361
menos10,-97.65,19.94,21202
menos10,-96.98,19.54,30182
menos10,-93.14,16.59,7086
menos10,-92.36,16.37,7075
menos10,-89.54,20.77,31090
menos10,-95.87,16.23,20410
menos10,-98.98,17.17,12076
menos10,-89.46,20.96,31095
menos10,-97.92,22.16,30133
menos10,-102.40,19.65,16075
menos10,-99.29,16.98,12056
menos10,-89.40,21.13,31004
menos10,-96.63,15.83,20509
menos10,-96.29,18.55,30174
menos10,-97.50,19.84,21186
menos10,-105.21,22.12,18010
menos10,-95.89,18.47,30084
menos10,-97.03,18.62,30171
menos10,-98.66,21.61,24042
menos10,-96.86,17.97,20024
menos10,-96.29,17.13,20522
menos10,-96.78,19.18,30179
menos10,-99.41,25.28,19022
menos10,-99.08,22.56,28004
menos10,-98.93,23.01,28043
menos10,-98.55,19.50,29021
menos10,-91.90,16.02,7099
menos10,-97.18,19.11,30029
menos10,-95.81,18.21,30054
menos10,-93.08,18.21,27010
menos10,-92.36,15.53,7080
menos10,-105.27,20.85,18020
menos10,-92.62,15.17,7071
menos10,-95.35,16.74,20412
menos10,-93.19,15.67,7069
menos10,-102.50,19.79,16091
menos10,-102.97,19.84,14112
menos10,-96.49,17.46,20173
menos10,-97.69,17.08,20133
menos10,-89.25,20.81,31034
menos10,-88.74,21.33,31029
menos10,-95.66,17.63,30212
menos10,-96.66,18.58,20021
menos10,-92.89,15.46,7051
menos10,-96.22,16.00,20495
menos10,-96.31,16.25,20209
menos10,-95.96,18.67,30075
menos10,-95.50,18.66,30097
menos10,-101.88,19.65,16056
menos10,-89.65,20.66,31001
menos10,-92.86,18.01,27004
menos10,-101.60,19.49,16066
menos10,-94.57,18.02,30048
menos10,-96.17,18.75,30181
menos10,-96.93,18.15,20163
menos10,-92.68,15.76,7008
menos10,-89.90,20.64,31045
menos10,-92.47,15.57,7125
menos10,-97.08,18.94,30022
menos10,-101.91,19.43,16111
menos10,-92.24,15.62,7011
menos10,-94.95,17.72,30144
menos10,-94.80,17.79,30172
menos10,-100.33,19.58,16061
menos10,-89.20,21.27,31068
menos10,-95.85,18.80,30011
menos10,-96.21,16.11,20211
menos10,-99.41,21.59,24031
menos10,-96.80,16.44,20563
menos10,-103.62,18.74,16014
menos10,-98.64,17.05,12081
menos10,-92.10,15.56,7006
menos10,-89.03,21.29,31027
menos10,-98.44,17.14,12043
menos10,-97.86,19.62,21083
menos10,-99.53,24.85,19033
menos10,-97.44,20.53,30131
menos10,-97.79,19.91,21039
menos10,-95.96,16.41,20125
menos10,-94.40,18.13,30039
menos10,-104.86,19.51,14043
menos10,-104.84,21.63,18017
menos10,-97.17,18.89,30081
menos10,-98.08,22.54,28003
menos10,-101.90,19.33,16087
menos10,-98.14,20.29,21109
menos10,-96.80,18.14,20041
menos10,-98.34,16.51,20180
menos10,-98.17,19.22,29022
menos10,-96.95,16.76,20271
menos10,-98.10,20.25,21100
menos10,-99.71,16.96,12001
menos10,-116.85,32.41,2004
menos10,-103.47,20.00,14014
menos10,-104.27,20.32,14011
menos10,-97.61,19.15,21142
menos10,-97.09,19.05,30047
menos10,-96.92,18.22,20228
menos10,-98.60,21.80,24034
menos10,-101.54,19.70,16073
menos10,-97.10,18.80,30135
menos10,-100.24,25.38,19049
menos10,-102.11,19.44,16102
menos10,-96.70,17.43,20260
menos10,-96.40,16.04,20236
menos10,-96.13,17.02,20337
menos10,-101.34,19.47,16001
menos10,-97.36,19.86,21174
menos10,-89.38,20.98,31093
menos10,-98.19,19.15,29027
menos10,-97.18,18.93,30101
menos10,-90.05,20.85,31044
menos10,-97.73,16.94,20392
menos10,-95.04,16.79,20010
menos10,-96.96,18.79,30113
menos10,-104.31,19.44,14027
menos10,-97.18,18.53,21195
menos10,-97.37,16.50,20158
menos10,-104.72,19.81,14068
menos10,-98.62,23.54,28008
menos10,-99.36,24.56,28042
menos10,-95.70,18.11,30169
menos10,-96.29,17.38,20541
menos10,-94.90,17.42,30091
menos10,-97.14,19.10,30008
menos10,-96.30,17.27,20442
menos10,-97.06,19.45,30092
menos10,-103.46,19.48,14108
menos10,-96.77,19.75,30057
menos10,-89.10,21.01,31078
menos10,-97.11,19.25,21116
menos10,-92.33,15.31,7057
menos10,-96.27,16.31,20074
menos10,-96.68,15.77,20439
menos10,-96.68,16.17,20263
menos10,-101.65,18.28,12016
menos10,-101.71,19.16,16009
menos10,-94.33,16.46,20525
menos10,-93.08,16.90,7063
menos10,-96.41,15.79,20324
menos10,-99.91,25.52,19009
menos10,-98.26,16.49,20474
menos10,-99.81,25.13,19038
menos10,-102.27,18.36,16010
menos10,-96.30,17.32,20201
menos10,-102.51,18.55,16096
menos10,-100.41,19.19,16081
menos10,-105.06,21.13,18004
menos10,-104.00,19.01,6001
menos10,-96.97,18.17,20434
menos10,-96.25,17.41,20471
menos10,-101.43,17.82,12038
menos10,-89.54,20.92,31041
menos10,-97.86,17.34,20208
menos10,-103.74,19.71,14113
menos10,-96.58,19.72,30009
menos10,-98.08,19.26,29050
menos10,-95.89,18.00,20044
menos10,-99.38,24.20,28016
menos10,-96.58,18.82,30031
menos10,-98.70,17.18,12041
menos10,-103.18,19.69,14085
menos10,-96.79,20.11,30114
menos10,-97.44,19.92,21204
menos10,-95.09,16.62,20014
menos10,-97.04,19.00,30062
menos10,-96.34,19.10,30100
menos10,-96.94,19.59,30026
menos10,-99.80,18.95,15021
menos10,-96.22,15.80,20413
menos10,-97.28,19.53,30128
menos10,-99.68,24.88,19029
menos10,-98.69,18.88,17036
menos10,-92.72,16.95,7119
menos10,-97.63,20.01,21080
menos10,-103.38,19.15,14065
menos10,-93.11,17.00,7029
menos10,-96.77,17.59,20175
menos10,-96.31,19.31,30016
menos10,-89.29,20.89,31074
menos10,-97.07,19.20,21050
menos10,-97.10,18.61,30184
menos10,-97.89,17.00,20073
menos10,-98.86,23.27,28019
menos10,-104.83,20.85,14080
menos10,-92.95,18.19,27013
menos10,-96.57,19.30,30134
menos10,-96.16,17.38,20432
menos10,-100.77,19.87,16110
menos10,-97.48,16.47,20386
menos10,-94.96,16.66,20005
menos10,-96.81,17.44,20179
menos10,-105.03,18.89,6009
menos10,-97.36,16.64,20448
menos10,-92.55,15.10,7040
menos10,-94.39,18.06,30206
menos10,-89.46,20.66,31076
menos10,-99.62,21.82,24023
menos10,-90.06,20.96,31087
menos10,-96.88,18.16,20374
menos10,-94.47,16.23,20141
menos10,-95.97,18.30,30045
menos10,-95.77,16.23,20008
menos10,-100.92,28.28,5003
menos10,-100.00,19.08,15086
menos10,-94.51,16.35,20143
menos10,-98.62,20.17,13045
menos10,-96.33,17.20,20473
menos10,-92.90,16.82,7044
menos10,-96.89,19.54,30087
menos10,-99.70,17.39,12029
menos10,-97.36,19.72,21199
menos10,-96.87,17.31,20294
menos10,-105.32,21.85,18015
menos10,-97.03,18.85,30085
menos10,-102.84,19.53,14056
menos10,-96.64,16.87,20530
menos10,-102.87,19.80,14069
menos10,-96.53,19.55,30004
menos10,-92.59,18.36,27003
menos10,-98.26,22.11,30123
menos10,-97.17,17.45,20006
menos10,-99.47,17.14,12039
menos10,-94.22,16.28,20327
menos10,-97.79,19.41,29004
menos10,-98.45,19.53,29020
menos10,-96.82,18.77,30052
menos10,-89.51,21.08,31013
menos10,-96.66,18.94,30125
menos10,-92.78,16.72,7111
menos10,-89.21,20.76,31064
menos10,-101.17,19.34,16049
menos10,-99.17,23.70,28041
menos10,-96.23,17.37,20280
menos10,-98.83,17.32,12072
menos10,-96.67,19.34,30017
menos10,-98.74,22.09,24040
menos10,-89.26,21.22,31082
menos10,-98.70,17.43,12020
menos10,-96.21,17.07,20506
menos10,-99.80,21.27,11006
menos10,-98.61,20.52,13036
menos10,-98.42,17.10,12078
menos10,-98.59,19.36,21180
menos10,-101.69,19.38,16079
menos10,-96.18,17.41,20223
menos10,-100.49,19.57,16098
menos10,-92.77,15.96,7020
menos10,-96.34,15.97,20253
menos10,-96.58,17.21,20363
menos10,-100.14,19.39,15111
menos10,-102.35,19.33,16083
menos10,-105.26,22.46,18001
menos10,-97.04,16.65,20535
menos10,-98.34,20.26,13035
menos10,-97.28,18.72,30006
menos10,-97.18,19.40,30025
menos10,-95.88,18.19,30190
menos10,-96.72,16.07,20366
menos10,-92.56,15.36,7032
menos10,-98.13,20.06,21008
menos10,-100.03,17.73,12032
menos10,-96.22,17.32,20216
menos10,-93.69,16.00,7097
menos10,-103.84,19.31,6010
menos10,-99.33,21.37,22009
menos10,-97.15,17.75,20270
menos10,-98.54,20.23,13024
menos10,-96.93,17.37,20150
menos10,-92.21,14.75,7035
menos10,-95.04,16.47,20030
menos10,-97.57,19.75,21211
menos10,-89.35,20.72,31015
menos10,-98.26,16.38,20168
menos10,-98.37,17.38,12004
menos10,-106.45,25.07,10002
menos10,-104.40,21.18,18007
menos10,-96.78,17.33,20193
menos10,-98.53,19.23,21122
menos10,-98.55,22.79,28012
menos10,-100.85,19.73,16072
menos10,-88.67,21.43,31028
menos10,-95.22,16.19,20079
menos10,-99.69,18.97,15113
menos10,-97.93,19.21,29037
menos10,-102.07,20.31,16069
menos10,-99.87,23.33,28006
menos10,-96.22,19.19,30193
menos10,-97.06,16.51,20277
menos10,-101.53,20.12,16071
menos10,-94.41,16.65,20265
menos10,-96.25,17.22,20503
menos10,-103.92,19.19,6004
menos10,-98.39,20.04,13056
menos10,-97.24,16.21,20497
menos10,-97.44,19.74,21054
menos10,-96.08,16.93,20517
menos10,-100.31,25.64,19039
menos10,-106.80,24.48,25005
menos10,-100.04,18.98,15077
menos10,-98.25,17.36,20242
menos10,-103.54,19.43,14103
menos10,-99.55,18.80,15119
menos10,-100.34,19.44,16112
menos10,-97.13,18.42,21010
menos10,-97.67,19.56,21105
menos10,-96.87,18.14,20249
menos10,-100.52,19.43,16047
menos10,-96.78,18.07,20040
menos10,-104.23,20.82,14075
menos10,-99.62,22.10,24002
menos10,-98.01,17.06,20020
menos10,-100.19,25.79,19006
menos10,-99.19,21.26,22010
menos10,-104.47,19.60,14021
menos10,-103.77,19.95,14086
menos10,-105.32,23.41,10023
menos10,-96.95,19.68,30036
menos10,-95.72,18.33,30208
menos10,-95.80,18.55,30005
menos10,-96.94,18.93,30044
menos10,-95.15,16.24,20308
menos10,-106.37,23.95,25016
menos10,-86.91,20.45,23001
menos10,-99.56,24.59,28020
menos10,-96.05,16.30,20428
menos10,-96.99,18.90,30068
menos10,-101.63,19.80,16016
menos10,-97.79,19.82,21172
menos10,-98.48,19.00,21175
menos10,-96.52,17.52,20296
menos10,-96.85,16.58,20017
menos10,-101.28,19.67,16053
menos10,-100.91,19.43,16101
menos10,-102.24,20.16,16030
menos10,-101.46,19.52,16039
menos10,-99.40,19.01,15063
menos10,-97.62,17.08,20269
menos10,-96.47,16.02,20306
menos10,-94.59,16.52,20066
menos10,-93.14,16.74,7101
menos10,-99.48,19.72,15112
menos10,-100.47,19.72,16041
menos10,-97.19,16.53,20229
menos10,-99.64,19.17,15018
menos10,-97.52,16.63,20450
menos10,-98.02,17.19,20469
menos10,-96.65,17.26,20504
menos10,-104.03,19.37,6008
menos10,-103.19,19.23,14087
menos10,-103.42,20.31,14050
menos10,-103.76,19.52,14122
menos10,-97.15,19.70,30107
menos10,-94.73,16.58,20505
menos10,-97.58,19.85,21207
menos10,-93.23,16.08,7107
menos10,-96.92,18.78,30041
menos10,-105.15,20.70,14067
menos10,-92.39,15.80,7030
menos10,-95.07,16.88,20427
menos10,-93.94,16.25,7009
menos10,-98.59,19.56,29006
menos10,-92.20,14.82,7055
menos10,-102.45,19.89,16084
menos10,-93.67,16.52,7046
menos10,-97.04,18.04,20206
menos10,-100.27,18.70,15008
menos10,-98.99,19.04,17023
menos10,-95.78,15.97,20307
menos10,-95.55,16.23,20282
menos10,-96.69,19.14,30043
menos10,-107.58,27.81,8009
menos10,-95.15,16.36,20124
menos10,-105.81,23.06,25014
menos10,-99.77,23.62,28026
menos10,-98.33,19.74,13007
menos10,-98.22,17.22,20016
menos10,-97.86,17.22,20240
menos10,-100.51,20.20,11019
menos10,-103.88,20.08,14032
menos10,-95.95,18.20,30176
menos10,-89.45,21.13,31051
menos10,-95.39,16.22,20515
menos10,-103.59,19.86,14082
menos10,-96.62,16.18,20391
menos10,-96.85,17.87,20019
menos10,-97.00,19.70,30177
menos10,-99.09,23.89,28013
menos10,-102.25,19.87,16085
menos10,-94.74,16.34,20130
menos10,-89.32,21.05,31054
menos10,-97.96,24.89,28035
menos10,-92.25,16.12,7104
menos10,-104.31,19.74,14015
menos10,-96.13,17.29,20100
menos10,-102.76,18.78,16002
menos10,-104.43,20.05,14017
menos10,-98.44,24.63,28010
menos10,-96.91,18.03,20058
menos10,-102.10,19.81,16025
menos10,-97.10,18.56,30019
menos10,-100.94,19.77,16040
menos10,-92.61,16.44,7058
menos10,-97.15,18.84,30138
menos10,-99.19,17.31,12051
menos10,-103.07,19.89,14059
menos10,-96.91,16.51,20149
menos10,-96.88,18.86,30014
menos10,-105.99,23.41,25004
menos10,-102.01,20.18,16109
menos10,-94.20,16.27,20025
menos10,-97.80,17.04,20446
menos10,-97.59,19.96,21101
menos10,-96.92,19.61,30093
menos10,-95.92,16.51,20204
menos10,-102.12,18.97,16055
menos10,-92.98,16.61,7027
menos10,-97.27,16.44,20477
menos10,-95.61,15.98,20453
menos10,-98.72,19.03,15015
menos10,-95.25,16.51,20053
menos10,-103.58,20.09,14089
menos10,-99.59,21.14,22002
menos10,-99.99,19.25,15007
menos10,-97.07,17.76,20313
menos10,-104.10,19.84,14054
menos10,-104.42,20.68,14038
menos10,-102.70,19.76,16019
menos10,-96.20,17.15,20246
menos10,-98.35,20.12,13077
menos10,-100.32,17.84,12054
menos10,-98.78,19.34,15039
menos10,-97.01,16.93,20273
menos10,-98.40,17.78,20567
menos10,-94.82,16.49,20557
menos10,-97.30,18.93,21023
menos10,-98.24,19.43,29040
menos10,-96.89,17.09,20135
menos10,-96.92,18.11,20234
menos10,-96.16,17.18,20038
menos10,-98.58,17.27,12009
menos10,-98.74,18.97,15034
menos10,-96.45,16.88,20233
menos10,-99.80,17.63,12040
menos10,-98.12,19.22,29028
menos10,-100.32,19.11,15066
menos10,-96.15,17.25,20257
menos10,-98.31,16.43,20402
menos10,-97.76,17.01,20481
menos10,-98.98,24.48,28034
menos10,-92.09,15.76,7034
menos10,-96.45,19.05,30148
menos10,-99.98,21.36,11045
menos10,-106.71,24.95,10034
menos10,-96.54,17.40,20196
menos10,-97.99,19.53,29047
menos10,-98.88,20.74,13020
menos10,-106.59,25.26,10037
menos10,-99.15,20.97,13031
menos10,-98.27,24.13,28001
menos10,-102.01,19.16,16033
menos10,-97.21,19.26,21058
menos10,-116.89,32.25,2005
menos10,-102.88,19.33,14049
menos10,-96.29,16.97,20298
menos10,-97.90,22.28,28038
menos10,-100.21,19.78,16093
menos10,-99.37,17.34,12044
menos10,-107.40,25.59,25003
menos10,-92.72,16.62,7110
menos10,-92.61,16.32,7106
menos10,-98.51,22.20,24016
menos10,-103.62,20.00,14004
menos10,-101.01,19.67,16022
menos10,-102.42,18.94,16006
menos10,-107.27,24.65,25006
menos10,-99.98,25.74,19041
menos10,-97.14,16.92,20108
menos10,-102.59,19.65,16095
menos10,-99.80,25.85,19016
menos10,-92.69,16.92,7113
menos10,-96.20,16.09,20148
menos10,-99.45,26.21,19023
menos10,-100.62,19.22,16099
menos10,-98.57,19.08,21138
menos10,-98.45,19.17,21074
menos10,-100.34,19.75,16080
menos10,-101.86,19.16,16059
menos10,-99.99,18.73,15080
menos10,-100.27,26.16,19045
menos10,-96.70,18.71,30117
menos10,-106.31,23.47,25012
menos10,-89.34,21.26,31026
menos10,-88.31,21.49,31065
menos10,-97.93,19.48,29030
menos10,-104.40,20.85,18003
menos10,-103.35,19.62,14121
menos10,-100.93,18.08,12022
menos10,-98.49,19.82,13061
menos10,-99.27,19.27,9008
menos10,-101.42,18.93,16097
menos10,-98.66,20.14,13039
menos10,-105.69,22.72,25009
menos10,-99.70,26.30,19002
menos10,-99.98,18.09,12006
menos10,-104.66,22.13,18009
menos10,-92.19,15.37,7053
menos10,-98.85,24.93,28005
menos10,-96.91,16.79,20378
menos10,-103.73,20.17,14010
menos10,-98.44,25.22,28023
menos10,-97.34,18.63,21103
menos10,-100.19,25.98,19012
menos10,-96.24,16.89,20226
menos10,-93.38,16.35,7108
menos10,-99.94,18.94,15097
menos10,-99.18,23.01,28011
menos10,-97.36,18.86,21063
menos10,-96.80,18.83,30196
menos10,-103.95,19.85,14102
menos10,-98.54,17.43,12069
menos10,-97.20,19.65,30194
menos10,-103.60,19.33,6005
menos10,-98.61,18.92,21188
menos10,-96.77,19.67,30166
menos10,-99.87,18.54,12047
menos10,-98.33,17.68,20259
menos10,-100.56,26.57,19008
menos10,-99.61,21.61,24019
menos10,-102.45,19.50,16068
menos10,-94.67,17.99,30120
menos10,-96.45,19.25,30126
menos10,-96.26,17.18,20138
menos10,-96.03,18.17,30119
menos10,-99.81,18.72,15117
menos10,-96.92,16.84,20123
menos10,-105.69,24.98,10032
menos10,-101.99,19.73,16024
menos10,-99.55,19.83,15026
menos10,-96.91,16.90,20048
menos10,-99.67,18.65,12060
menos10,-97.81,18.40,21037
menos10,-96.97,17.74,20177
menos10,-99.29,19.47,15057
menos10,-97.70,17.34,20480
menos10,-96.50,16.90,20118
menos10,-100.20,18.25,12007
menos10,-107.73,26.57,8046
menos10,-97.93,19.56,29046
menos10,-96.43,15.92,20071
menos10,-94.93,16.38,20043
menos10,-99.72,22.44,24010
menos10,-103.68,18.97,6006
menos10,-96.39,19.44,30191
menos10,-108.11,25.97,25017
menos10,-96.21,16.22,20319
menos10,-96.69,16.99,20083
menos10,-98.24,20.26,21057
menos10,-100.40,19.66,16007
menos10,-99.47,19.44,15115
menos10,-103.77,19.39,6003
menos10,-92.88,16.50,7123
menos10,-103.11,20.02,14057
menos10,-98.85,24.02,28030
menos10,-96.03,16.77,20325
menos10,-101.22,19.09,16057
menos10,-96.98,19.60,30136
menos10,-101.55,19.61,16100
menos10,-100.61,17.92,12003
menos10,-98.77,19.57,15093
menos10,-95.17,16.46,20305
menos10,-100.15,26.57,19044
menos10,-95.17,16.63,20508
menos10,-92.66,16.52,7098
menos10,-96.22,17.28,20097
menos10,-99.47,19.35,15051
menos10,-104.03,19.68,14106
menos10,-97.05,18.53,30159
menos10,-98.83,19.47,15099
menos10,-104.84,23.97,10005
menos10,-95.26,16.62,20472
menos10,-97.87,18.67,21098
menos10,-96.76,17.24,20178
menos10,-98.83,22.57,28021
menos10,-99.72,19.90,15102
menos10,-98.73,19.21,15103
menos10,-97.08,17.62,20395
menos10,-99.71,26.07,19011
menos10,-99.59,25.65,19042
menos10,-108.68,26.26,25010
menos10,-101.24,20.08,11021
menos10,-99.88,26.65,19050
menos10,-100.46,19.29,16046
menos10,-102.86,19.07,16089
menos10,-99.64,19.59,15047
menos10,-106.84,24.04,25008
menos10,-100.26,18.54,15105
menos10,-98.51,19.20,21048
menos10,-104.75,21.16,18013
menos10,-98.78,18.88,17016
menos10,-98.67,17.74,12024
menos10,-100.80,19.06,16092
menos10,-99.42,18.46,12015
menos10,-99.52,20.98,22015
menos10,-96.79,16.78,20387
menos10,-105.37,21.96,18018
menos10,-99.41,25.92,19027
menos10,-99.81,18.12,12026
menos10,-97.37,16.86,20137
menos10,-95.28,16.42,20421
menos10,-95.88,16.60,20357
menos10,-95.03,16.36,20441
menos10,-89.47,21.24,31039
menos10,-96.56,16.89,20051
menos10,-97.38,16.78,20566
menos10,-104.58,21.04,18002
menos10,-100.48,21.40,11033
menos10,-102.07,19.65,16065
menos10,-99.53,19.45,15067
menos10,-105.52,22.34,18016
menos10,-103.35,20.11,14092
menos10,-99.61,17.80,12075
menos10,-100.12,19.18,15110
menos10,-109.48,30.49,26041
menos10,-95.66,16.35,20052
menos10,-104.02,20.26,14088
menos10,-97.14,17.65,20451
menos10,-92.73,16.55,7028
menos10,-98.71,18.91,17022
menos10,-100.64,25.34,5004
menos10,-100.35,26.47,19051
menos10,-108.28,26.68,25007
menos10,-101.90,20.10,16067
menos10,-88.08,21.55,31061
menos10,-107.03,26.17,8029
menos10,-99.87,19.97,15001
menos10,-96.62,17.40,20359
menos10,-103.78,21.11,14094
menos10,-105.94,24.70,10019
menos10,-99.57,18.97,15088
menos10,-99.87,18.83,15004
menos10,-104.59,21.36,18014
menos10,-105.74,24.23,10026
menos10,-105.24,22.79,18005
menos10,-98.52,24.26,28018
menos10,-96.50,17.18,20365
menos10,-100.55,21.77,24032
menos10,-98.77,24.63,28036
menos10,-99.49,18.88,15052
menos10,-100.43,19.89,16050
menos10,-97.07,17.17,20511
menos10,-92.26,15.43,7070
menos10,-99.91,18.36,12058
menos10,-99.89,24.23,19007
menos10,-100.30,19.18,15078
menos10,-97.06,17.23,20094
menos10,-97.30,17.08,20564
menos10,-89.53,21.15,31020
menos10,-98.72,19.12,15009
menos10,-96.38,17.06,20560
menos10,-101.24,21.02,11015
menos10,-98.26,17.48,20152
menos10,-96.91,17.52,20478
menos10,-104.31,21.03,18006
menos10,-97.94,18.50,21169
menos10,-116.29,32.43,2003
menos10,-98.18,19.54,29003
menos10,-103.93,19.55,14099
menos10,-98.18,19.01,21114
menos10,-116.06,31.52,2001
menos10,-107.97,27.84,8041
menos10,-99.60,20.02,15045
menos10,-108.99,29.01,26052
menos10,-99.60,18.52,12055
menos10,-100.41,18.94,15123
menos10,-98.90,17.51,12010
menos10,-98.44,20.21,13001
menos10,-92.38,16.11,7083
menos10,-98.09,17.35,20348
menos10,-101.02,19.87,16003
menos10,-100.61,28.78,5025
menos10,-102.00,21.15,14109
menos10,-97.43,18.73,21099
menos10,-97.47,17.31,20258
menos10,-99.18,18.81,17008
menos10,-97.19,18.99,30127
menos10,-102.26,20.03,16108
menos10,-96.94,18.20,20142
menos10,-107.78,25.36,25013
menos10,-103.63,19.12,6002
menos10,-99.49,26.05,19035
menos10,-92.81,16.55,7002
menos10,-100.36,25.90,19010
menos10,-99.11,17.52,12028
menos10,-107.98,27.23,8065
menos10,-99.37,20.75,13084
menos10,-102.21,19.06,16064
menos10,-108.33,29.33,8040
menos10,-99.39,19.62,15060
menos10,-100.26,19.06,15116
menos10,-97.75,17.43,20210
menos10,-102.22,20.30,16106
menos10,-96.36,16.87,20551
menos10,-108.52,27.46,8020
menos10,-97.38,19.32,21067
menos10,-89.68,21.66,31059
menos10,-102.47,20.27,16105
menos10,-98.61,18.82,21022
menos10,-96.55,17.01,20550
menos10,-96.72,17.20,20084
menos10,-102.88,20.11,16074
menos10,-108.27,27.39,8030
menos10,-97.49,18.14,21027
menos10,-104.08,21.06,14040
menos10,-96.73,17.16,20293
menos10,-108.20,28.15,8051
menos10,-102.29,21.27,14073
menos10,-102.54,20.55,14013
menos10,-104.17,20.15,14090
menos10,-98.63,18.51,21051
menos10,-110.24,30.99,26019
menos10,-92.99,16.34,7122
menos10,-100.13,25.07,19043
menos10,-99.83,20.12,15003
menos10,-99.41,23.48,28017
menos10,-98.20,19.17,29041
menos10,-99.39,19.51,15046
menos10,-107.69,26.95,8008
menos10,-102.32,19.93,16043
menos10,-98.75,20.22,13038
menos10,-100.62,18.66,12027
menos10,-103.94,20.71,14003
menos10,-99.99,19.44,15114
menos10,-97.05,17.49,20463
menos10,-100.66,25.81,19018
menos10,-107.14,29.30,8048
menos10,-97.90,17.74,20237
menos10,-99.71,18.13,12017
menos10,-98.90,19.09,15050
menos10,-109.40,27.08,26042
menos10,-101.08,28.33,5019
menos10,-103.57,20.23,14119
menos10,-99.26,18.94,17007
menos10,-100.36,25.82,19021
menos10,-104.08,19.91,14034
menos10,-99.83,19.41,15005
menos10,-97.17,17.12,20217
menos10,-102.93,20.46,14123
menos10,-104.55,23.00,10014
menos10,-106.07,26.00,10009
menos10,-99.21,19.20,9012
menos10,-99.78,22.94,28039
menos10,-107.25,27.15,8027
menos10,-108.56,25.53,25011
menos10,-107.76,24.72,25018
menos10,-104.01,20.81,14007
menos10,-99.61,18.70,12049
menos10,-98.45,18.90,21019
menos10,-97.53,25.61,28022
menos10,-103.72,20.85,14005
menos10,-102.02,20.97,14072
menos10,-98.40,17.98,21191
menos10,-95.47,16.52,20418
menos10,-109.32,28.03,26051
menos10,-102.34,20.49,14016
menos10,-98.81,20.57,13037
menos10,-98.16,18.76,21150
menos10,-98.86,18.85,17030
menos10,-98.31,18.05,21155
menos10,-104.26,19.99,14110
menos10,-97.00,17.29,20487
menos10,-96.61,16.79,20368
menos10,-103.16,21.20,32033
menos10,-98.09,19.38,29038
menos10,-103.99,22.22,14061
menos10,-103.05,20.64,14124
menos10,-101.50,19.89,16037
menos10,-108.88,27.05,26003
menos10,-97.83,19.19,21104
menos10,-96.60,16.89,20219
menos10,-102.58,19.20,16012
menos10,-104.12,20.74,14036
menos10,-100.76,18.57,16077
menos10,-104.15,21.54,18019
menos10,-97.43,18.98,21045
menos10,-101.22,18.34,12073
menos10,-97.54,18.84,21110
menos10,-96.73,16.60,20028
menos10,-98.97,25.48,19013
menos10,-108.74,28.15,8047
menos10,-100.45,18.28,12067
menos10,-108.09,28.71,8063
menos10,-97.83,22.28,28009
menos10,-103.07,20.12,14096
menos10,-101.27,21.97,24046
menos10,-104.04,20.05,14052
menos10,-99.22,18.58,17012
menos10,-97.69,17.23,20397
menos10,-98.71,18.03,21081
menos10,-100.10,18.44,12031
menos10,-108.08,25.42,25015
menos10,-98.51,17.90,12070
menos10,-97.83,18.48,21082
menos10,-99.36,19.17,15043
menos10,-98.14,17.56,20537
menos10,-106.06,25.45,10035
menos10,-99.68,21.99,24005
menos10,-102.30,20.77,14008
menos10,-99.64,21.41,22003
menos10,-96.73,16.33,20353
menos10,-102.49,21.19,14046
menos10,-100.16,21.03,11040
menos10,-102.85,22.30,32055
menos10,-99.57,23.27,28031
menos10,-100.39,24.76,19017
menos10,-101.23,21.50,11030
menos10,-106.54,26.75,8007
menos10,-101.39,28.81,5038
menos10,-96.57,19.01,30007
menos10,-103.71,20.39,14114
menos10,-101.36,19.90,16027
menos10,-97.03,18.11,20244
menos10,-101.70,19.93,16044
menos10,-98.85,25.80,19020
menos10,-97.57,17.47,20499
menos10,-100.15,19.62,15124
menos10,-108.97,28.42,26069
menos10,-98.55,17.81,12033
menos10,-102.93,21.14,14118
menos10,-99.63,19.08,15090
menos10,-99.77,18.46,12037
menos10,-99.74,23.90,19024
menos10,-101.78,20.00,16063
menos10,-97.37,17.00,20255
menos10,-99.26,20.32,13019
menos10,-99.27,26.09,19003
menos10,-100.30,19.63,16005
menos10,-96.30,16.78,20131
menos10,-100.44,18.43,12064
menos10,-101.90,28.40,5020
menos10,-97.45,18.46,21156
menos10,-99.30,18.55,17017
menos10,-96.65,16.35,20059
menos10,-100.03,21.96,24024
menos10,-99.20,20.53,13030
menos10,-102.75,19.98,16045
menos10,-101.04,18.97,16013
menos10,-99.67,20.23,13044
menos10,-98.64,26.14,28015
menos10,-100.21,21.37,11043
menos10,-99.96,25.87,19034
menos10,-97.94,19.10,21001
menos10,-100.20,22.29,24052
menos10,-99.18,20.31,13050
menos10,-101.44,19.99,16054
menos10,-99.07,18.14,12008
menos10,-108.51,27.86,8066
menos10,-99.25,18.23,12034
menos10,-100.31,20.40,22008
menos10,-101.93,20.93,11025
menos10,-103.50,21.05,14071
menos10,-101.19,26.90,5018
menos10,-102.89,20.27,14066
menos10,-99.90,21.58,24027
menos10,-100.39,21.00,11032
menos10,-100.21,18.87,15082
menos10,-101.39,28.06,5032
menos10,-95.62,16.62,20440
menos10,-109.36,27.58,26049
menos10,-98.78,17.90,12045
menos10,-99.11,18.98,17020
menos10,-109.31,29.76,26028
menos10,-100.93,21.15,11014
menos10,-98.86,26.18,28007
menos10,-108.82,30.31,26010
menos10,-101.62,18.69,16029
menos10,-105.22,25.55,10018
menos10,-96.48,16.45,20235
menos10,-99.06,20.60,13015
menos10,-110.82,30.03,26045
menos10,-102.38,20.99,14078
menos10,-100.28,22.44,24008
menos10,-109.01,30.62,26015
menos10,-103.61,20.43,14002
menos10,-100.21,22.02,24011
menos10,-100.46,22.17,24030
menos10,-101.11,18.65,16038
menos10,-101.13,25.03,5030
menos10,-104.20,19.80,14037
menos10,-99.95,20.55,22017
menos10,-97.10,17.95,20431
menos10,-95.93,16.43,20122
menos10,-99.58,18.23,12035
menos10,-99.32,21.00,13047
menos10,-103.49,20.79,14120
menos10,-101.92,18.84,16035
menos10,-98.92,18.31,21087
menos10,-100.39,28.10,5012
menos10,-99.47,18.10,12059
menos10,-109.61,28.79,26061
menos10,-110.27,30.06,26013
menos10,-97.04,17.39,20161
menos10,-98.83,19.25,15025
menos10,-102.51,20.76,14125
menos10,-100.48,25.57,19048
menos10,-102.01,29.43,5002
menos10,-99.60,26.58,19040
menos10,-97.03,17.05,20426
menos10,-99.11,18.70,17024
menos10,-109.33,30.23,26067
menos10,-100.85,21.44,11029
menos10,-101.11,19.98,16020
menos10,-100.79,26.29,19037
menos10,-102.72,20.81,14093
menos10,-103.92,21.88,14019
menos10,-98.95,17.75,12002
menos10,-100.42,27.05,19032
menos10,-109.13,25.90,25001
menos10,-103.69,22.03,14115
menos10,-105.04,24.85,10039
menos10,-102.93,21.77,32018
menos10,-100.95,29.00,5014
menos10,-109.20,31.10,26002
menos10,-99.67,27.48,28027
menos10,-101.02,27.42,5026
menos10,-104.94,24.51,10001
menos10,-98.68,20.35,13012
menos10,-97.12,18.25,21035
menos10,-104.15,23.44,10033
menos10,-100.05,27.84,5013
menos10,-100.30,22.87,24017
menos10,-103.75,22.78,32049
menos10,-101.23,20.18,11046
menos10,-103.42,20.48,14097
menos10,-103.78,21.60,14076
menos10,-100.80,26.85,5005
menos10,-99.05,17.98,12019
menos10,-105.67,26.18,10025
menos10,-100.00,20.37,22016
menos10,-100.74,20.93,11003
menos10,-98.37,25.81,28032
menos10,-109.38,29.98,26032
menos10,-100.03,27.34,19005
menos10,-110.80,29.46,26056
menos10,-109.74,23.27,3008
menos10,-99.66,20.79,22004
menos10,-99.48,26.90,28014
menos10,-101.88,21.49,14053
menos10,-108.20,30.19,8013
menos10,-108.85,29.64,26040
menos10,-108.45,30.85,8035
menos10,-101.82,20.40,11023
menos10,-98.04,25.74,28033
menos10,-109.89,27.79,26018
menos10,-107.56,28.39,8031
menos10,-114.51,29.38,2006
menos10,-105.64,30.83,8028
menos10,-98.62,17.56,12066
menos10,-101.88,20.71,11008
menos10,-111.47,29.02,26030
menos10,-113.22,27.29,3002
menos10,-102.89,27.96,5023
menos10,-111.81,25.53,3001
menos10,-106.38,30.45,8001
menos10,-110.62,24.17,3003
menos10,-104.42,28.03,8011
menos10,-107.52,31.33,8005
menos10,-101.92,24.35,32026
menos10,-105.21,29.76,8015
menos10,-112.54,30.82,26017
menos10,-104.39,27.08,8036
menos10,-102.30,26.70,5007
menos10,-102.11,25.50,5024
menos10,-115.33,32.17,2002
menos10,-112.09,29.95,26047
menos10,-105.59,29.07,8002
menos10,-114.35,32.02,26055
menos10,-106.23,29.00,8019
menos10,-107.12,30.06,8010
menos10,-110.63,28.14,26029
menos10,-103.61,27.48,5034
menos10,-104.13,26.15,10013
menos10,-102.72,26.08,5033
menos10,-104.52,29.36,8052
menos10,-101.28,25.91,5027
menos10,-102.18,23.60,32051
menos10,-101.97,27.84,5031
menos10,-113.29,31.53,26048
menos10,-103.70,24.69,10004
menos10,-103.00,23.24,32010
menos10,-103.82,28.93,8042
menos10,-100.31,23.86,19014
menos10,-102.81,24.14,32014
menos10,-103.63,26.34,10036
menos10,-104.82,26.09,10010
menos10,-111.45,25.95,3009
menos10,-111.92,31.18,26004
menos10,-102.92,25.22,5036
menos10,-101.68,23.35,24033
menos10,-110.38,28.72,26021
menos10,-105.05,28.54,8038
menos10,-112.91,31.72,26070
menos10,-105.68,26.48,10017
menos10,-106.95,28.72,8017
menos10,-103.61,23.64,32042
menos10,-106.56,31.45,8037
menos10,-106.19,27.78,8061
menos10,-101.39,26.59,5006
menos10,-101.53,22.27,32038
menos10,-110.33,29.34,26066
menos10,-110.19,30.41,26006
menos10,-105.34,28.00,8062
menos10,-111.58,30.31,26064
menos10,-105.81,27.49,8067
menos10,-107.72,29.72,8034
menos10,-103.18,26.32,5009
menos10,-100.91,24.11,24044
menos10,-109.65,30.85,26027
menos10,-101.55,25.52,5011
menos10,-107.73,30.53,8050
menos10,-111.07,29.72,26020
menos10,-107.06,27.81,8012
menos10,-105.00,25.73,10011
menos10,-101.92,22.93,24049
menos10,-100.69,27.66,5015
menos10,-101.24,24.45,32007
menos10,-102.72,24.65,10027
menos10,-104.08,25.25,10015
menos10,-106.62,28.81,8054
menos10,-109.67,29.27,26057
menos10,-110.75,30.85,26035
menos10,-103.21,24.76,10006
menos10,-101.12,23.22,24015
menos10,-103.69,25.48,10012
menos10,-105.31,27.09,8003
menos10,-109.81,30.07,26023
menos10,-106.68,27.42,8049
menos10,-101.14,27.92,5028
menos10,-101.06,23.65,24006
menos10,-105.75,28.20,8055
menos10,-105.70,27.13,8032
menos10,-100.72,23.21,24047
menos10,-108.14,25.15,25002
menos10,-109.72,29.73,26038
menos10,-105.07,26.63,8014
menos10,-102.00,24.92,32027
menos10,-100.78,28.10,5037
menos10,-109.40,26.65,26033
menos10,-103.03,23.78,32039
menos10,-104.40,25.62,10030
menos10,-111.00,31.20,26043
menos10,-111.40,30.92,26065
menos10,-107.64,30.16,8023
menos10,-101.63,22.80,24025
menos10,-104.08,24.79,10021
menos10,-106.90,28.21,8018
menos10,-110.63,30.41,26022
menos10,-103.46,22.37,32031
menos10,-110.16,27.74,26012
menos10,-102.99,22.73,32020
menos10,-111.06,30.45,26058
menos10,-100.67,22.64,24051
menos10,-100.96,22.27,24028
menos10,-104.56,25.20,10024
menos10,-111.21,30.17,26016
menos10,-103.24,23.56,32040
menos10,-104.47,24.81,10028
menos10,-111.45,31.28,26060
menos10,-105.01,26.93,8039
menos10,-106.74,27.89,8057
menos10,-104.07,24.41,10008
menos10,-100.59,23.51,24020
menos10,-101.10,22.93,24045
menos10,-101.17,22.73,24022
menos10,-103.25,25.17,5035
menos10,-109.96,31.23,26039
menos10,-111.02,30.73,26036
menos10,-102.19,21.56,14035
menos10,-110.34,27.36,26072
menos10,-109.98,30.67,26011
menos10,-101.62,21.12,11020
menos10,-108.92,30.12,26031
menos10,-104.21,23.81,10016
menos10,-105.52,26.73,8044
menos10,-102.30,21.81,1001
menos10,-106.31,27.27,8056
menos10,-103.95,23.18,32021
menos10,-100.67,23.93,24007
menos10,-101.72,21.81,14064
menos10,-109.39,28.89,26009
menos10,-109.97,29.09,26068
menos10,-104.02,24.00,10022
menos10,-103.49,24.12,32029
menos10,-109.09,29.85,26008
menos10,-104.78,25.03,10003
menos10,-105.04,27.90,8016
menos10,-106.46,28.00,8022
menos10,-101.28,27.31,5008
menos10,-101.47,21.58,11022
menos10,-104.35,24.49,10020
menos10,-100.98,21.85,24050
menos10,-110.55,31.19,26059
menos10,-100.16,23.42,19036
menos10,-103.41,24.50,10031
menos10,-107.29,28.86,8006
menos10,-109.69,27.02,26026
menos10,-102.55,21.48,14091
menos10,-102.70,21.90,1003
menos10,-111.66,30.76,26046
menos10,-99.26,26.42,28024
menos10,-109.89,28.39,26062
menos10,-100.62,28.50,5022
menos10,-97.84,25.70,28040
menos10,-103.91,23.42,32009
menos10,-110.54,29.75,26050
menos10,-105.36,27.58,8058
menos10,-100.75,20.05,11002
menos10,-102.86,21.42,32034
menos10,-101.16,22.26,24021
menos10,-102.53,22.15,1008
menos10,-107.74,29.34,8025
menos10,-106.07,27.07,8033
menos10,-101.37,20.70,11017
menos10,-110.12,29.62,26014
menos10,-103.49,25.73,10007
menos10,-104.08,20.54,14006
menos10,-103.23,20.90,14045
menos10,-101.27,20.38,11042
menos10,-102.41,22.78,32017
menos10,-100.10,20.76,22005
menos10,-98.60,18.28,21047
menos10,-103.22,25.56,5017
menos10,-102.56,22.48,32012
menos10,-109.53,29.47,26063
menos10,-101.25,22.45,24001
menos10,-103.92,22.58,14042
menos10,-101.17,20.63,11027
menos10,-100.28,20.72,22011
menos10,-103.23,21.78,32048
menos10,-101.25,27.12,5001
menos10,-107.72,28.82,8043
menos10,-109.05,28.87,26005
menos10,-103.14,22.44,32046
menos10,-99.03,25.96,19015
menos10,-101.77,27.23,5021
menos10,-103.00,21.62,32019
menos10,-100.10,20.17,22001
menos10,-99.83,21.10,22013
menos10,-110.21,28.96,26037
menos10,-100.45,20.73,22014
menos10,-102.48,22.99,32037
menos10,-99.93,20.92,22018
menos10,-103.45,21.36,32047
menos10,-103.66,21.73,14031
menos10,-101.91,27.15,5016
menos10,-106.35,28.32,8024
menos10,-102.12,20.64,14048
menos10,-99.68,20.38,13029
menos10,-103.29,22.09,14025
menos10,-102.22,22.57,32036
menos10,-103.03,20.95,14029
menos10,-99.07,26.24,28025
menos10,-103.19,20.26,14030
menos10,-100.90,24.45,32041
menos10,-103.30,24.29,32022
menos10,-100.64,22.27,24004
menos10,-99.36,17.83,12042
menos10,-101.54,20.53,11001
menos10,-100.68,22.01,24055
menos10,-98.11,18.16,21003
menos10,-104.31,25.38,10029
menos10,-110.67,28.01,26025
menos10,-100.92,20.21,11028
menos10,-103.48,21.96,14104
menos10,-100.80,22.66,24056
menos10,-97.30,18.01,20548
menos10,-99.85,24.64,19030
menos10,-100.79,20.54,11007
menos10,-102.05,22.13,1002
menos10,-99.07,18.50,17025
menos10,-103.36,21.62,32045
menos10,-98.45,18.50,21085
menos10,-109.76,28.61,26054
menos10,-101.44,20.96,11037
menos10,-109.49,28.46,26044
menos10,-105.49,28.12,8021
menos10,-99.63,20.54,13059
menos10,-102.04,21.92,1010
menos10,-102.45,21.93,1005
menos10,-105.82,28.58,8004
menos10,-98.30,18.35,21157
menos10,-97.86,17.58,20549
menos10,-100.79,20.74,11009
menos10,-106.57,28.30,8026
menos10,-103.33,21.19,32028
menos10,-105.95,26.89,8059
menos10,-100.50,21.66,24043
menos10,-106.30,27.05,8064
menos10,-101.53,26.95,5010
menos10,-102.59,21.67,14116
menos10,-103.68,20.61,14083
menos10,-97.46,19.48,21170
menos10,-102.73,23.58,32006
menos10,-100.00,26.03,19028
menos10,-102.12,22.69,32016
menos10,-101.60,20.83,11026
menos10,-102.68,22.74,32056
menos10,-99.41,20.41,13006
menos10,-97.52,18.28,21209
menos10,-105.50,28.35,8045
menos10,-101.95,22.55,32053
menos10,-100.99,20.67,11035
menos10,-101.96,22.28,32024
menos10,-99.67,19.30,15106
menos10,-102.17,20.45,14033
menos10,-101.79,20.92,11031
menos10,-110.25,29.93,26034
menos10,-100.29,20.15,16031
menos10,-96.37,16.56,20449
menos10,-100.62,20.58,11005
menos10,-102.52,20.36,14018
menos10,-102.93,21.93,32044
menos10,-101.92,22.40,32035
menos10,-96.23,16.66,20333
menos10,-97.63,18.66,21177
menos10,-99.37,17.60,12061
menos10,-109.38,29.62,26024
menos10,-102.75,22.96,32005
menos10,-100.21,19.96,16017
menos10,-105.93,31.24,8053
menos10,-102.34,22.27,1007
menos10,-101.71,22.41,32054
menos10,-100.57,20.42,11004
menos10,-110.22,29.80,26001
menos10,-98.89,18.57,17019
menos10,-98.98,18.72,17004
menos10,-109.85,27.11,26071
menos10,-99.98,19.65,15074
menos10,-103.95,23.73,10038
menos10,-100.04,19.92,15085
menos10,-99.36,19.90,13063
menos10,-103.05,22.00,32015
menos10,-102.65,21.05,14111
menos10,-102.59,19.99,16104
menos10,-97.94,19.33,29013
menos10,-105.78,26.80,8060
menos10,-103.91,20.45,14077
menos10,-101.89,22.13,32052
menos10,-102.91,20.77,14001
menos10,-103.12,21.38,32023
menos10,-97.53,16.85,20500
menos10,-97.29,18.23,21129
menos10,-102.75,20.55,14105
menos10,-99.38,20.06,13076
menos10,-99.81,19.59,15042
menos10,-100.94,20.43,11011
menos10,-100.74,20.30,11039
menos10,-97.69,18.38,21018
menos10,-103.82,20.39,14024
menos10,-103.58,21.50,32004
menos10,-97.80,17.86,20039
menos10,-97.72,18.20,20459
menos10,-102.39,22.45,32008
menos10,-100.17,20.47,22012
menos10,-98.45,19.72,13008
menos10,-98.67,19.92,13083
menos10,-99.80,19.21,15118
menos10,-103.23,22.32,14041
menos10,-99.19,17.75,12074
menos10,-103.50,21.22,32011
menos10,-100.86,22.27,24035
menos10,-111.54,30.82,26007
menos10,-99.87,20.65,22007
menos10,-99.05,19.14,9009
menos10,-98.94,20.10,13052
menos10,-104.03,20.91,14055
menos10,-103.07,21.47,32001
menos10,-101.76,26.94,5029
menos10,-97.26,17.72,20176
menos10,-98.05,18.40,21147
menos10,-98.72,19.76,15016
menos10,-102.75,21.26,14060
menos10,-103.45,21.79,32003
menos10,-98.04,18.82,21193
menos10,-99.47,20.26,13017
menos10,-99.82,19.72,15048
menos10,-103.34,21.52,32058
menos10,-98.89,20.31,13003
menos10,-102.70,21.16,14117
menos10,-102.16,21.00,14074
menos10,-101.67,20.62,11012
menos10,-103.18,22.19,14081
menos10,-99.85,19.81,15014
menos10,-98.98,20.41,13055
menos10,-101.16,19.82,16088
menos10,-97.35,17.21,20492
menos10,-98.25,18.73,21159
menos10,-98.05,18.58,21206
menos10,-102.72,20.40,14063
menos10,-98.79,18.19,21032
menos10,-101.73,20.14,16004
menos10,-97.58,19.33,21108
menos10,-99.38,20.54,13058
menos10,-99.08,20.12,13005
menos10,-97.24,17.26,20046
menos10,-99.64,19.74,15056
menos10,-100.44,20.49,22006
menos10,-99.03,19.95,15036
menos10,-97.92,18.07,21112
menos10,-102.97,20.04,16051
menos10,-98.52,18.77,21069
menos10,-102.19,22.24,1009
menos10,-100.36,21.14,11013
menos10,-102.34,20.26,16086
menos10,-102.67,20.14,16103
menos10,-97.74,18.53,21092
menos10,-97.44,17.99,20018
menos10,-97.54,18.55,21161
menos10,-99.07,19.81,15120
menos10,-98.27,18.11,21113
menos10,-102.31,22.76,32057
menos10,-101.57,20.26,16113
menos10,-103.83,20.68,14095
menos10,-97.88,19.01,21164
menos10,-97.50,19.22,21137
menos10,-99.31,19.73,15095
menos10,-98.60,18.10,21198
menos10,-99.05,20.30,13054
menos10,-98.23,17.73,20484
menos10,-102.69,21.47,32002
menos10,-103.21,20.39,14044
menos10,-98.19,18.45,21042
menos10,-103.19,22.63,32043
menos10,-102.30,22.10,1006
menos10,-102.79,23.02,32013
menos10,-100.07,21.15,11034
menos10,-99.24,19.06,17009
menos10,-98.39,18.18,21024
menos10,-97.63,18.95,21115
menos10,-99.60,19.49,15087
menos10,-98.28,18.58,21007
menos10,-96.42,16.83,20475
menos10,-100.13,25.91,19025
menos10,-97.71,18.09,20340
menos10,-97.73,18.86,21154
menos10,-98.02,17.89,20261
menos10,-102.67,22.85,32032
menos10,-99.05,18.87,17029
menos10,-97.51,17.51,20339
menos10,-97.16,17.85,20416
menos10,-97.73,19.25,21128
menos10,-102.23,22.43,32025
menos10,-98.34,19.49,29014
menos10,-97.97,18.89,21153
menos10,-97.64,17.59,20405
menos10,-98.04,18.04,21141
menos10,-101.05,20.36,11018
menos10,-101.22,19.92,16018
menos10,-102.53,20.15,16062
menos10,-100.45,26.00,19047
menos10,-98.08,19.48,29031
menos10,-98.07,18.68,21070
menos10,-97.99,17.68,20520
menos10,-98.88,19.82,15084
menos10,-97.78,18.70,21203
menos10,-99.29,20.18,13067
menos10,-97.31,17.82,20283
menos10,-99.37,18.83,17015
menos10,-102.69,20.28,14047
menos10,-98.38,19.36,29015
menos10,-103.25,21.94,32030
menos10,-98.05,18.96,21040
menos10,-102.48,22.85,32050
menos10,-103.21,20.62,14101
menos10,-98.99,19.71,15081
menos10,-99.04,19.57,15033
menos10,-97.85,18.29,21190
menos10,-98.15,18.05,21066
menos10,-98.78,20.10,13048
menos10,-110.33,29.88,26053
menos10,-102.45,20.04,16023
menos10,-103.34,20.68,14039
menos10,-99.40,20.19,13064
menos10,-100.08,19.80,15064
menos10,-99.51,20.05,15079
menos10,-98.12,17.83,20055
menos10,-97.58,17.69,20540
menos10,-97.11,18.11,20545
menos10,-97.92,18.20,21127
menos10,-100.76,23.66,24048
menos10,-98.06,19.05,21015
menos10,-97.46,17.67,20486
menos10,-98.64,20.03,13022
menos10,-98.75,18.53,17003
menos10,-98.74,19.66,15065
menos10,-98.47,18.14,21056
menos10,-99.34,19.38,15037
menos10,-97.76,19.03,21004
menos10,-98.44,19.44,29012
menos10,-99.41,19.26,15062
menos10,-102.23,22.03,1011
menos10,-98.73,18.38,21073
menos10,-103.14,20.48,14051
menos10,-98.88,20.22,13009
menos10,-98.84,18.45,21160
menos10,-99.18,20.22,13041
menos10,-97.56,16.99,20026
menos10,-98.34,18.77,21121
menos10,-99.00,17.44,12079
menos10,-98.43,18.72,21166
menos10,-103.24,20.15,14107
menos10,-99.43,19.16,15101
menos10,-97.88,17.96,21055
menos10,-102.30,22.36,1004
menos10,-98.92,19.95,13075
menos10,-100.99,20.54,11044
menos10,-97.68,18.77,21205
menos10,-102.77,20.06,16076
menos10,-101.50,20.37,11016
menos10,-100.61,18.35,12050
menos10,-99.83,20.22,15071
menos10,-102.41,20.15,16042
menos10,-100.38,20.22,11010
menos10,-98.60,19.66,13021
menos10,-99.15,19.90,15096
menos10,-96.25,16.44,20316
menos10,-99.23,19.97,13013
menos10,-98.96,18.83,17006
menos10,-100.78,22.19,24009
menos10,-100.53,20.00,11038
menos10,-96.70,16.76,20068
menos10,-96.64,16.51,20015
menos10,-98.32,18.93,21106
menos10,-99.26,19.82,15035
menos10,-97.56,18.02,20373
menos10,-97.47,17.01,20297
menos10,-100.21,25.67,19026
menos10,-98.41,17.57,12065
menos10,-99.39,18.59,17001
menos10,-103.35,20.59,14098
menos10,-98.65,18.65,21168
menos10,-101.15,20.12,11041
menos10,-98.16,18.57,21031
menos10,-99.69,18.85,15040
menos10,-97.75,19.12,21152
menos10,-99.09,19.25,9013
menos10,-99.06,19.35,9007
menos10,-98.72,20.06,13051
menos10,-97.80,18.14,20022
menos10,-103.68,20.75,14009
menos10,-97.69,17.80,20462
menos10,-98.56,19.24,21143
menos10,-97.74,17.52,20105
menos10,-97.58,17.81,20321
menos10,-99.23,19.65,15121
menos10,-97.38,18.32,21124
menos10,-96.67,16.67,20072
menos10,-96.52,17.06,20546
menos10,-96.55,16.57,20203
menos10,-96.83,16.37,20534
menos10,-96.89,16.68,20398
menos10,-98.86,19.99,13082
menos10,-101.04,20.04,16078
menos10,-99.27,18.84,17018
menos10,-98.76,18.69,17010
menos10,-97.82,18.83,21189
menos10,-97.69,17.70,20089
menos10,-96.53,16.64,20328
menos10,-99.08,20.24,13023
menos10,-98.14,18.14,21139
menos10,-97.99,17.59,20081
menos10,-97.55,19.05,21130
menos10,-96.91,17.23,20483
menos10,-101.28,20.00,16036
menos10,-99.25,19.34,9010
menos10,-97.65,17.87,20400
menos10,-97.11,17.52,20304
menos10,-98.51,17.64,12005
menos10,-97.42,18.56,21149
menos10,-97.27,17.00,20329
menos10,-97.64,18.00,20181
menos10,-99.24,18.76,17028
menos10,-96.51,16.77,20112
menos10,-99.27,19.56,15013
menos10,-103.25,20.54,14070
menos10,-95.05,16.21,20248
menos10,-98.80,19.91,13066
menos10,-98.81,18.66,17013
menos10,-98.27,17.87,20186
menos10,-99.64,18.78,15107
menos10,-97.97,17.92,20455
menos10,-96.72,17.10,20067
menos10,-98.43,19.27,21132
menos10,-98.32,17.59,20183
menos10,-98.28,18.23,21059
menos10,-96.41,17.20,20443
menos10,-99.12,19.50,9005
menos10,-98.96,19.55,15011
menos10,-97.42,17.59,20221
menos10,-98.92,19.63,15002
menos10,-97.54,17.89,20151
menos10,-97.45,17.22,20119
menos10,-99.00,19.28,9011
menos10,-97.55,17.24,20050
menos10,-97.14,17.27,20569
menos10,-97.65,17.93,20004
menos10,-98.54,18.69,21185
menos10,-98.54,18.61,21176
menos10,-99.45,18.73,17005
menos10,-100.99,20.16,11036
menos10,-98.87,19.69,15092
menos10,-98.59,19.84,13072
menos10,-97.76,19.33,29008
menos10,-98.72,19.81,15061
menos10,-97.64,17.45,20317
menos10,-96.62,17.09,20553
menos10,-96.77,16.95,20565
menos10,-97.78,17.11,20532
menos10,-99.17,19.54,15104
menos10,-97.27,18.50,21120
menos10,-99.44,19.55,15038
menos10,-98.55,18.01,21011
menos10,-98.89,18.94,17002
menos10,-96.33,16.40,20170
menos10,-97.16,18.15,20109
menos10,-97.50,17.41,20423
menos10,-98.34,19.07,21140
menos10,-101.96,20.25,16060
menos10,-98.96,19.85,13069
menos10,-99.15,19.98,15010
menos10,-97.31,17.58,20121
menos10,-98.68,18.76,21005
menos10,-96.89,16.98,20292
menos10,-96.57,16.70,20162
menos10,-97.77,18.01,21135
menos10,-98.01,17.50,20065
menos10,-101.41,19.58,16048
menos10,-98.19,18.23,21009
menos10,-96.16,16.89,20194
menos10,-97.44,17.43,20536
menos10,-96.56,16.78,20284
menos10,-97.43,17.08,20218
menos10,-99.31,19.32,9004
menos10,-100.37,25.64,19019
menos10,-97.35,17.53,20523
menos10,-98.83,19.72,15075
menos10,-96.90,17.18,20102
menos10,-98.25,17.55,20011
menos10,-99.41,18.69,17021
menos10,-102.59,20.24,16011
menos10,-99.59,19.25,15054
menos10,-98.48,19.11,21026
menos10,-99.15,19.63,15109
menos10,-97.22,16.98,20274
menos10,-89.28,21.31,31083
menos10,-98.42,17.65,20251
menos10,-96.97,17.03,20494
menos10,-98.29,19.02,21119
menos10,-99.02,19.42,15058
menos10,-97.22,18.33,21214
menos10,-99.22,20.05,13010
menos10,-97.26,17.57,20404
menos10,-97.20,17.63,20264
menos10,-99.25,18.68,17035
menos10,-96.45,16.29,20154
menos10,-98.13,17.93,20032
menos10,-98.00,19.15,21163
menos10,-96.46,17.20,20262
menos10,-98.01,17.77,20529
menos10,-98.28,19.35,29024
menos10,-96.45,16.71,20561
menos10,-97.95,18.28,21196
menos10,-98.92,19.00,17027
menos10,-100.27,25.74,19046
menos10,-101.36,20.55,11024
menos10,-98.14,19.16,29025
menos10,-97.11,16.32,20314
menos10,-97.87,17.81,20160
menos10,-99.37,18.69,17014
menos10,-96.68,16.34,20384
menos10,-98.98,18.95,17026
menos10,-97.49,17.14,20252
menos10,-96.81,16.51,20080
menos10,-97.48,17.87,20552
menos10,-98.09,17.69,20164
menos10,-99.17,18.89,17011
menos10,-98.01,17.44,20286
menos10,-97.69,19.15,21096
menos10,-96.99,17.77,20558
menos10,-98.95,19.42,15031
menos10,-99.07,19.73,15059
menos10,-99.15,19.33,9003
menos10,-98.75,18.81,17032
menos10,-97.38,17.73,20129
menos10,-97.03,16.56,20429
menos10,-98.33,19.23,29023
menos10,-98.29,17.76,20199
menos10,-97.52,19.10,21012
menos10,-98.38,18.62,21062
menos10,-98.12,17.63,20230
menos10,-97.72,17.98,20476
menos10,-98.24,19.31,29033
menos10,-97.03,17.69,20311
menos10,-97.52,17.20,20086
menos10,-99.31,18.73,17034
menos10,-96.73,16.40,20351
menos10,-98.50,19.35,21134
menos10,-98.82,19.12,15017
menos10,-97.86,18.77,21079
menos10,-98.22,17.61,20501
menos10,-97.53,17.59,20093
menos10,-96.92,19.72,30187
menos10,-96.80,17.01,20023
menos10,-97.04,16.74,20420
menos10,-96.85,16.92,20388
menos10,-97.44,19.81,21017
menos10,-97.46,16.92,20382
menos10,-97.28,17.35,20144
menos10,-98.08,18.62,21146
menos10,-98.72,18.75,21033
menos10,-98.81,19.02,15068
menos10,-97.30,18.36,21013
menos10,-96.86,16.74,20358
menos10,-97.45,17.75,20287
menos10,-100.41,25.94,19001
menos10,-98.34,18.66,21201
menos10,-98.95,19.28,15122
menos10,-99.20,19.43,9016
menos10,-97.45,17.88,20464
menos10,-98.00,17.84,20352
menos10,-97.39,17.34,20331
menos10,-99.51,19.07,15049
menos10,-97.54,17.75,20547
menos10,-99.15,20.11,13065
menos10,-97.91,19.26,29016
menos10,-97.67,17.52,20346
menos10,-96.91,17.15,20531
menos10,-97.83,17.88,20568
menos10,-97.72,17.15,20379
menos10,-96.81,16.82,20295
menos10,-98.13,19.42,29005
menos10,-98.07,17.82,20245
menos10,-97.33,17.65,20422
menos10,-98.84,19.01,15094
menos10,-97.61,17.40,20239
menos10,-96.75,17.02,20385
menos10,-98.03,19.42,29039
menos10,-98.88,19.41,15029
menos10,-96.38,16.37,20146
menos10,-99.16,19.71,15024
menos10,-99.22,19.79,15023
menos10,-98.39,19.03,21126
menos10,-97.40,17.38,20562
menos10,-96.96,16.59,20155
menos10,-99.23,20.10,13074
menos10,-97.73,17.73,20456
menos10,-97.55,17.33,20370
menos10,-98.10,17.43,20461
menos10,-97.67,17.01,20372
menos10,-96.12,19.12,30028
menos10,-98.26,19.12,21041
menos10,-98.87,19.15,15089
menos10,-98.18,19.40,29043
menos10,-97.40,17.14,20430
menos10,-98.79,18.76,17033
menos10,-98.95,19.36,15070
menos10,-98.29,19.14,21034
menos10,-97.70,17.63,20524
menos10,-98.23,19.51,29011
menos10,-97.50,17.35,20172
menos10,-96.22,17.13,20299
menos10,-97.05,17.72,20436
menos10,-97.39,17.28,20195
menos10,-99.10,19.63,15020
menos10,-98.05,19.32,29052
menos10,-99.09,19.43,9017
menos10,-97.50,17.11,20445
menos10,-99.18,19.49,9002
menos10,-97.36,17.46,20332
menos10,-98.39,18.97,21148
menos10,-99.15,19.43,9015
menos10,-96.54,16.95,20197
menos10,-97.58,17.28,20127
menos10,-96.70,16.94,20115
menos10,-96.79,17.09,20399
menos10,-99.22,20.13,13070
menos10,-99.17,19.76,15091
menos10,-98.16,17.75,20034
menos10,-99.20,18.66,17031
menos10,-97.82,18.96,21118
menos10,-96.59,17.07,20519
menos10,-96.63,16.95,20349
menos10,-96.21,17.22,20114
menos10,-97.53,17.06,20371
menos10,-97.48,17.58,20341
menos10,-96.74,16.43,20289
menos10,-98.63,18.74,21165
menos10,-98.26,19.19,29044
menos10,-96.88,19.72,30106
menos10,-97.57,17.15,20110
menos10,-98.88,19.19,15083
menos10,-96.86,17.06,20092
menos10,-96.49,16.28,20167
menos10,-98.26,19.49,29055
menos10,-96.47,17.01,20356
menos10,-96.80,17.13,20227
menos10,-96.67,17.13,20091
menos10,-97.10,18.86,30118
menos10,-98.16,17.82,20381
menos10,-96.82,17.25,20045
menos10,-96.79,16.62,20069
menos10,-96.73,16.84,20360
menos10,-97.91,18.81,21020
menos10,-97.48,17.81,20047
menos10,-99.12,19.68,15108
menos10,-99.16,19.38,9014
menos10,-97.35,17.61,20521
menos10,-97.55,17.10,20320
menos10,-98.13,19.32,29018
menos10,-98.29,19.23,29032
menos10,-98.06,18.65,21052
menos10,-98.41,19.59,29045
menos10,-96.82,17.05,20310
menos10,-98.13,19.35,29026
menos10,-96.65,16.29,20362
menos10,-97.61,17.34,20408
menos10,-99.55,19.17,15073
menos10,-97.22,17.39,20054
menos10,-98.03,18.74,21131
menos10,-99.51,19.13,15098
menos10,-97.43,17.81,20256
menos10,-96.69,16.88,20243
menos10,-97.77,18.93,21144
menos10,-97.26,17.42,20250
menos10,-97.27,17.52,20224
menos10,-97.83,18.92,21038
menos10,-98.38,19.28,29019
menos10,-99.09,19.40,9006
menos10,-99.57,19.14,15072
menos10,-97.33,17.36,20147
menos10,-97.30,17.48,20096
menos10,-97.31,17.42,20140
menos10,-96.63,16.37,20061
menos10,-98.35,19.12,21090
menos10,-97.57,17.38,20383
menos10,-97.97,17.95,20165
menos10,-99.46,19.21,15019
menos10,-98.34,19.16,21181
menos10,-96.79,16.93,20555
menos10,-99.54,19.27,15076
menos10,-96.73,16.88,20369
menos10,-97.39,17.43,20479
menos10,-96.51,17.28,20191
menos10,-98.88,19.57,15028
menos10,-97.29,17.38,20281
menos10,-97.87,18.89,21151
menos10,-98.45,19.06,21102
menos10,-97.13,18.82,30074
menos10,-98.22,17.57,20376
menos10,-96.54,16.36,20538
menos10,-96.84,19.69,30002
menos10,-97.46,16.88,20444
menos10,-97.52,16.91,20510
menos10,-96.73,16.80,20452
menos10,-96.85,19.74,30096
menos10,-97.31,17.47,20493
menos10,-96.63,17.03,20409
menos10,-98.09,19.35,29009
menos10,-96.98,18.22,20490
menos10,-97.50,17.74,20106
menos10,-98.23,19.25,29029
menos10,-98.93,19.60,15100
menos10,-98.44,19.13,21060
menos10,-97.87,18.81,21171
menos10,-96.60,16.98,20343
menos10,-97.89,18.86,21182
menos10,-96.58,16.95,20380
menos10,-98.86,19.23,15022
menos10,-97.29,17.45,20215
menos10,-98.39,17.66,20099
menos10,-98.02,19.39,29035
menos10,-99.13,19.71,15053
menos10,-98.25,19.34,29036
menos10,-97.40,17.79,20488
menos10,-96.83,17.16,20539
menos10,-96.64,17.00,20078
menos10,-96.82,17.21,20077
menos10,-97.34,17.40,20518
menos10,-98.19,19.28,29048
menos10,-98.35,19.01,21125
menos10,-96.67,16.72,20393
menos10,-99.58,19.21,15055
menos10,-98.19,19.35,29002
menos10,-99.55,19.21,15027
menos10,-96.60,17.03,20145
menos10,-96.69,16.81,20103
menos10,-98.13,17.78,20290
menos10,-98.54,18.55,21021
menos10,-98.10,18.74,21095
menos10,-98.18,19.36,29001
menos10,-96.69,17.02,20107
menos10,-97.50,17.78,20556
menos10,-96.77,16.57,20542
menos10,-96.74,16.60,20268
menos10,-96.85,16.62,20241
menos10,-96.57,17.33,20267
menos10,-96.71,16.71,20049
menos10,-96.77,16.89,20013
menos10,-98.30,19.29,29049
menos10,-96.66,16.75,20132
menos10,-98.22,19.19,29058
menos10,-97.45,19.85,21173
menos10,-97.89,18.91,21097
menos10,-96.69,17.06,20390
menos10,-98.33,19.30,29056
menos10,-99.49,19.16,15006
menos10,-99.06,19.68,15125
menos10,-96.73,16.74,20301
menos10,-96.24,17.25,20120
menos10,-99.50,19.18,15012
menos10,-96.73,16.66,20238
menos10,-98.31,19.17,21136
menos10,-96.79,17.20,20338
menos10,-96.75,16.98,20342
menos10,-98.31,19.25,29057
menos10,-98.26,19.25,29051
menos10,-98.24,19.17,29042
menos10,-96.70,16.75,20315
menos10,-96.61,16.99,20411
menos10,-96.68,17.05,20350
menos10,-98.36,18.66,21133
menos10,-96.86,16.60,20101
menos10,-98.90,19.56,15030
menos10,-96.71,16.97,20403
menos10,-96.68,17.08,20087
menos10,-98.21,19.26,29060
menos10,-98.20,19.21,29059
menos10,-96.67,16.83,20192
menos10,-99.09,19.74,15044
menos10,-98.25,19.23,29053
menos10,-96.73,16.76,20007
menos10,-96.50,17.31,20035
menos10,-98.26,19.22,29054
menos10,-96.83,17.18,20063
menos10,-96.80,17.18,20033
menos10,-96.76,17.10,20157
menos10,-97.82,19.25,21117
menos10,-98.86,19.56,15069
menos10,-96.72,16.99,20174
menos10,-96.26,17.16,20303
menos10,-96.76,16.81,20389
menos10,-96.69,17.05,20375
menos10,-96.43,17.30,20062
